mse,r2,nmse,mape,spearman,n,fold,best_epoch
0.8388561369292628,0.20930568964624985,0.7906943103537503,0.07464275720419238,0.793397250725185,46,qft,385
0.4764614068580056,0.5753121483186221,0.42468785168137785,0.06066930199410377,0.7894601024395591,47,qftentangled,80
0.3392784701930458,0.569542585425644,0.4304574145743561,0.04999059426270649,0.7201236605537005,35,qpeexact,479
0.5201963891486725,0.17804319607863572,0.8219568039213643,0.06398106790278853,0.7951825981700272,36,qpeinexact,8
36.84289559484777,-4.589756368340929,5.58975636834093,0.9813717944482719,0.4567519247001929,28,qwalk-noancilla+qnn,74
24.087063496684582,-13.677408860301844,14.677408860301844,0.4895845683524422,0.9396178987029643,30,random,71
0.29424443674277445,0.6806680009745183,0.31933199902548176,0.058582272303929005,0.8949397618038807,40,realamprandom,414
1.1052507255257147,0.03611329706084321,0.9638867029391568,0.10159417553966063,0.8708179667497825,38,su2random,31
0.41034301166288134,0.6502344988409621,0.3497655011590379,0.06486508376598839,0.8749416324224049,40,twolocalrandom,264
