circuit,backend,family,y,pred,fold
qft_indep_qiskit_107,osaka,qft,7.066933237666667,9.302321058431069,0
qft_indep_qiskit_108,kyoto,qft,8.617155486666666,9.321490147668346,0
qft_indep_qiskit_109,kyoto,qft,8.288131461666666,9.330591160279582,0
qft_indep_qiskit_109,osaka,qft,7.830027659,9.325197189432961,0
qft_indep_qiskit_110,kyoto,qft,8.120091419666666,9.340986987562324,0
qft_indep_qiskit_110,osaka,qft,8.561376549666667,9.334956364391351,0
qft_indep_qiskit_111,kyoto,qft,7.747324679000001,9.351539649521627,0
qft_indep_qiskit_111,osaka,qft,7.727030954333333,9.34573443808444,0
qft_indep_qiskit_113,kyoto,qft,8.106675293,9.372449553774317,0
qft_indep_qiskit_113,osaka,qft,8.577016566,9.367017386005763,0
qft_indep_qiskit_117,kyoto,qft,8.669235037333332,9.415629538592654,0
qft_indep_qiskit_117,osaka,qft,9.550661005333332,9.41275018920026,0
qft_indep_qiskit_118,osaka,qft,9.484154233666668,9.423398870127324,0
qft_indep_qiskit_121,kyoto,qft,9.102412198666668,9.461068574748946,0
qft_indep_qiskit_124,osaka,qft,10.592878188333332,9.49140463667403,0
qftentangled_indep_qiskit_103,osaka,qftentangled,7.261130435999999,9.215869061377253,0
qftentangled_indep_qiskit_106,osaka,qftentangled,6.497926671666666,9.244191995833317,0
qftentangled_indep_qiskit_109,kyoto,qftentangled,7.712161418333333,9.281880272252977,0
qftentangled_indep_qiskit_110,kyoto,qftentangled,8.555989720333335,9.292248103243155,0
qftentangled_indep_qiskit_112,kyoto,qftentangled,8.670131633666667,9.313454879073424,0
qftentangled_indep_qiskit_115,osaka,qftentangled,10.71053175166667,9.340345234923287,0
qftentangled_indep_qiskit_116,kyoto,qftentangled,8.311285474666667,9.355826796643438,0
qftentangled_indep_qiskit_119,kyoto,qftentangled,9.936943398333334,9.389123314052044,0
qftentangled_indep_qiskit_121,kyoto,qftentangled,9.344313628333332,9.412217538944915,0
qftentangled_indep_qiskit_121,osaka,qftentangled,9.611827012333334,9.407511168131293,0
qftentangled_indep_qiskit_122,kyoto,qftentangled,8.900713713,9.424054593193542,0
qftentangled_indep_qiskit_123,osaka,qftentangled,10.197386317333333,9.430567140664028,0
qftentangled_indep_qiskit_125,kyoto,qftentangled,8.865216134666667,9.45972453095309,0
qnn_indep_qiskit_47,osaka,qnn,3.146045613,4.176943482686672,0
qnn_indep_qiskit_48,kyoto,qnn,4.027967394666667,4.1357533412920535,0
qnn_indep_qiskit_50,kyoto,qnn,4.0460203476666665,4.006412021918732,0
qnn_indep_qiskit_51,kyoto,qnn,4.193322130666666,3.9404130628858933,0
qnn_indep_qiskit_52,osaka,qnn,4.104123383,3.865291193151596,0
qnn_indep_qiskit_53,kyoto,qnn,3.8940076616666666,3.820354316238947,0
qnn_indep_qiskit_55,kyoto,qnn,4.412435020333333,3.746678718347015,0
qnn_indep_qiskit_55,osaka,qnn,3.995105912666667,3.743333355419397,0
qnn_indep_qiskit_57,osaka,qnn,4.115121000666667,3.703454660157216,0
qpeexact_indep_qiskit_109,osaka,qpeexact,8.179188113333334,9.365761211761814,0
qpeexact_indep_qiskit_112,osaka,qpeexact,9.907753153333331,9.395171400256993,0
qpeexact_indep_qiskit_114,osaka,qpeexact,9.706836364333334,9.41942145624621,0
qpeexact_indep_qiskit_120,osaka,qpeexact,10.436884840666666,9.484210975440309,0
qpeexact_indep_qiskit_121,osaka,qpeexact,10.092809615000002,9.495985938901468,0
qpeexact_indep_qiskit_123,osaka,qpeexact,10.173338355,9.5190597625356,0
qpeexact_indep_qiskit_125,osaka,qpeexact,10.657344139,9.542662133998048,0
qpeexact_indep_qiskit_126,kyoto,qpeexact,9.240009064333334,9.557546626270856,0
qpeexact_indep_qiskit_127,osaka,qpeexact,11.428802801999998,9.566238893010667,0
qpeinexact_indep_qiskit_106,osaka,qpeinexact,9.200678255333337,9.332322329047656,0
qpeinexact_indep_qiskit_108,osaka,qpeinexact,8.652805397333333,9.354444666802054,0
qpeinexact_indep_qiskit_112,osaka,qpeinexact,8.554282955666665,9.395171400256993,0
qpeinexact_indep_qiskit_113,osaka,qpeinexact,9.691005219666666,9.40763036026795,0
qpeinexact_indep_qiskit_114,kyoto,qpeinexact,8.867010171666665,9.419152691837601,0
qpeinexact_indep_qiskit_115,kyoto,qpeinexact,8.756001970333333,9.430156787084712,0
qpeinexact_indep_qiskit_117,kyoto,qpeinexact,9.981295615333332,9.451933467642807,0
qpeinexact_indep_qiskit_118,kyoto,qpeinexact,9.042171758333334,9.462501707737179,0
qpeinexact_indep_qiskit_119,kyoto,qpeinexact,9.812500931,9.474453297313403,0
qpeinexact_indep_qiskit_120,kyoto,qpeinexact,9.639311725333334,9.485921244005816,0
qpeinexact_indep_qiskit_124,kyoto,qpeinexact,10.096937347666668,9.533461277183036,0
qpeinexact_indep_qiskit_125,osaka,qpeinexact,10.606703895666666,9.542662133998048,0
qpeinexact_indep_qiskit_126,kyoto,qpeinexact,10.919072999999996,9.557546626270856,0
qwalk-noancilla_indep_qiskit_9,kyoto,qwalk-noancilla,13.376375165333334,9.352772428843869,0
random_indep_qiskit_50,osaka,random,8.444991291,9.795704268208905,0
random_indep_qiskit_54,kyoto,random,10.103417591333333,9.914839081763056,0
random_indep_qiskit_54,osaka,random,9.140565505333331,9.911635862388176,0
random_indep_qiskit_55,kyoto,random,10.609888865,9.9526452752407,0
random_indep_qiskit_57,kyoto,random,9.71524038066667,10.05378096739571,0
random_indep_qiskit_57,osaka,random,10.069637368,10.049955398752875,0
random_indep_qiskit_58,kyoto,random,10.401658715999998,9.991993759528473,0
random_indep_qiskit_60,kyoto,random,10.980865459333332,10.124173958405928,0
random_indep_qiskit_61,kyoto,random,11.494601349000002,10.113501660804346,0
random_indep_qiskit_62,kyoto,random,11.359084016333332,10.09221095153459,0
random_indep_qiskit_63,osaka,random,11.589028059666669,10.17993048766399,0
realamprandom_indep_qiskit_60,osaka,realamprandom,5.753302527333333,7.0107354229226235,0
realamprandom_indep_qiskit_61,osaka,realamprandom,6.109424779333334,7.0166644278673225,0
realamprandom_indep_qiskit_63,osaka,realamprandom,6.739594074999999,7.033680851678385,0
realamprandom_indep_qiskit_65,osaka,realamprandom,6.588764718666667,7.063479994606485,0
realamprandom_indep_qiskit_66,kyoto,realamprandom,6.6097478653333335,7.088235369816921,0
realamprandom_indep_qiskit_66,osaka,realamprandom,7.207043402,7.076933515980982,0
realamprandom_indep_qiskit_67,osaka,realamprandom,6.538864210666667,7.0989901594647105,0
realamprandom_indep_qiskit_68,kyoto,realamprandom,7.644305203999999,7.120742003707818,0
realamprandom_indep_qiskit_69,kyoto,realamprandom,7.986583398,7.139300940081822,0
realamprandom_indep_qiskit_69,osaka,realamprandom,7.299723186666667,7.134494780502627,0
realamprandom_indep_qiskit_70,kyoto,realamprandom,7.324448773666667,7.1577008796893455,0
realamprandom_indep_qiskit_70,osaka,realamprandom,7.804522378333334,7.152693368556506,0
realamprandom_indep_qiskit_71,kyoto,realamprandom,7.568773294333333,7.176359493952515,0
realamprandom_indep_qiskit_74,kyoto,realamprandom,8.134439638666667,7.242826684048701,0
realamprandom_indep_qiskit_78,osaka,realamprandom,7.948202496333333,7.334557728554119,0
su2random_indep_qiskit_64,kyoto,su2random,6.548132050666666,7.295975067603914,0
su2random_indep_qiskit_64,osaka,su2random,6.5476906066666665,7.28806725143791,0
su2random_indep_qiskit_65,kyoto,su2random,6.844094074,7.307636493625132,0
su2random_indep_qiskit_66,osaka,su2random,7.037176085333333,7.311733265957512,0
su2random_indep_qiskit_67,osaka,su2random,6.757402909666666,7.327198639722359,0
su2random_indep_qiskit_71,osaka,su2random,7.728080016666666,7.407290211734983,0
su2random_indep_qiskit_72,osaka,su2random,7.954486152666665,7.433283632896957,0
su2random_indep_qiskit_74,kyoto,su2random,8.322182765333332,7.4880913927472355,0
su2random_indep_qiskit_75,kyoto,su2random,7.496781506,7.513892997726497,0
su2random_indep_qiskit_76,kyoto,su2random,8.658455423000001,7.539783747336338,0
su2random_indep_qiskit_78,kyoto,su2random,9.038116559666667,7.592578878661422,0
su2random_indep_qiskit_78,osaka,su2random,8.809418659666667,7.586106024944353,0
su2random_indep_qiskit_79,osaka,su2random,8.903392932333334,7.613067452570585,0
twolocalrandom_indep_qiskit_59,osaka,twolocalrandom,5.659243445333334,7.005573017450335,0
twolocalrandom_indep_qiskit_60,osaka,twolocalrandom,6.551042609,7.0107354229226235,0
twolocalrandom_indep_qiskit_65,osaka,twolocalrandom,6.049157460666667,7.063479994606485,0
twolocalrandom_indep_qiskit_66,osaka,twolocalrandom,7.087601189666667,7.076933515980982,0
twolocalrandom_indep_qiskit_68,kyoto,twolocalrandom,7.990887578,7.120742003707818,0
twolocalrandom_indep_qiskit_71,osaka,twolocalrandom,7.441004339333332,7.172106940269436,0
twolocalrandom_indep_qiskit_73,osaka,twolocalrandom,8.398959862,7.212717087183265,0
twolocalrandom_indep_qiskit_74,kyoto,twolocalrandom,8.819408015999999,7.242826684048701,0
twolocalrandom_indep_qiskit_74,osaka,twolocalrandom,8.685094409,7.23727565677271,0
twolocalrandom_indep_qiskit_75,kyoto,twolocalrandom,9.071346864666667,7.267074910577216,0
twolocalrandom_indep_qiskit_76,kyoto,twolocalrandom,9.656292771333334,7.291455412658318,0
twolocalrandom_indep_qiskit_76,osaka,twolocalrandom,8.624869208666667,7.283900516093223,0
twolocalrandom_indep_qiskit_77,kyoto,twolocalrandom,8.639806972333334,7.3164622555579975,0
twolocalrandom_indep_qiskit_77,osaka,twolocalrandom,9.376813789666665,7.308545791032311,0
twolocalrandom_indep_qiskit_78,osaka,twolocalrandom,8.352589050666667,7.334557728554119,0
qft_indep_qiskit_105,osaka,qft,8.495924157000003,9.154756583455551,1
qft_indep_qiskit_106,osaka,qft,7.700580684999999,9.163216881074375,1
qft_indep_qiskit_108,osaka,qft,7.905748925666667,9.18339365674086,1
qft_indep_qiskit_112,kyoto,qft,8.877431533666668,9.185077274883424,1
qft_indep_qiskit_114,kyoto,qft,8.871576452,9.201662203085357,1
qft_indep_qiskit_114,osaka,qft,8.264294474666666,9.242153281900721,1
qft_indep_qiskit_115,osaka,qft,10.280381443333336,9.248953365475593,1
qft_indep_qiskit_119,kyoto,qft,9.603615799,9.246553536470572,1
qft_indep_qiskit_119,osaka,qft,9.381370784,9.284554464638203,1
qft_indep_qiskit_120,kyoto,qft,9.545154162333334,9.256346390752741,1
qft_indep_qiskit_121,osaka,qft,10.317853136000002,9.30211969509691,1
qft_indep_qiskit_122,kyoto,qft,9.657078057666668,9.275224125333992,1
qft_indep_qiskit_123,osaka,qft,9.677953263333334,9.320014798372739,1
qft_indep_qiskit_125,kyoto,qft,9.507636137333334,9.305647806156982,1
qft_indep_qiskit_125,osaka,qft,10.307833938666668,9.339216157104005,1
qft_indep_qiskit_126,kyoto,qft,9.989640379,9.31527683174885,1
qft_indep_qiskit_127,kyoto,qft,10.861695675,9.325743235538962,1
qft_indep_qiskit_127,osaka,qft,10.402267699,9.357342177032427,1
qftentangled_indep_qiskit_104,osaka,qftentangled,8.495115654666668,9.12561109589209,1
qftentangled_indep_qiskit_109,osaka,qftentangled,8.605368191333334,9.172621977159595,1
qftentangled_indep_qiskit_110,osaka,qftentangled,9.174866474,9.179215854719976,1
qftentangled_indep_qiskit_113,kyoto,qftentangled,7.536459377999999,9.17119591771392,1
qftentangled_indep_qiskit_113,osaka,qftentangled,8.40298557,9.206348930638978,1
qftentangled_indep_qiskit_115,kyoto,qftentangled,9.029428435333337,9.188264265525584,1
qftentangled_indep_qiskit_117,kyoto,qftentangled,8.796179142333333,9.206558260987023,1
qftentangled_indep_qiskit_118,kyoto,qftentangled,7.984265499999999,9.215446705914722,1
qftentangled_indep_qiskit_118,osaka,qftentangled,10.041340818333332,9.255386822709546,1
qftentangled_indep_qiskit_120,osaka,qftentangled,8.564882520333335,9.27165426181644,1
qftentangled_indep_qiskit_123,kyoto,qftentangled,10.693567046333335,9.262689639956113,1
qftentangled_indep_qiskit_124,kyoto,qftentangled,9.884985459999998,9.273842658649025,1
qftentangled_indep_qiskit_124,osaka,qftentangled,9.801901340666666,9.308267758662321,1
qftentangled_indep_qiskit_125,osaka,qftentangled,9.180498178666666,9.317584634929222,1
qftentangled_indep_qiskit_126,kyoto,qftentangled,11.181028272666666,9.293686834807287,1
qftentangled_indep_qiskit_126,osaka,qftentangled,9.979778760666669,9.327049775024724,1
qftentangled_indep_qiskit_127,osaka,qftentangled,10.662950817333334,9.335920496460268,1
qnn_indep_qiskit_47,kyoto,qnn,3.4975595493333334,4.069932413160612,1
qnn_indep_qiskit_49,kyoto,qnn,3.8790448456666655,4.140112897607966,1
qnn_indep_qiskit_51,osaka,qnn,4.202860153333334,3.979983872681557,1
qnn_indep_qiskit_52,kyoto,qnn,4.062804295333334,4.260957120500758,1
qnn_indep_qiskit_53,osaka,qnn,4.147578059333333,4.0835245138491825,1
qnn_indep_qiskit_54,osaka,qnn,4.149525553666667,4.135758826368634,1
qnn_indep_qiskit_56,kyoto,qnn,4.425150426666666,4.424965317966458,1
qpeexact_indep_qiskit_107,osaka,qpeexact,8.357898019999999,9.211439378893699,1
qpeexact_indep_qiskit_108,osaka,qpeexact,9.068930838333332,9.226804510470512,1
qpeexact_indep_qiskit_113,osaka,qpeexact,9.372751825333332,9.270892719714436,1
qpeexact_indep_qiskit_116,kyoto,qpeexact,10.059297485,9.25758470615492,1
qpeexact_indep_qiskit_116,osaka,qpeexact,9.375991523333331,9.299438619266063,1
qpeexact_indep_qiskit_118,osaka,qpeexact,10.294097641333336,9.316568715269945,1
qpeexact_indep_qiskit_120,kyoto,qpeexact,9.729737555,9.295033649792849,1
qpeexact_indep_qiskit_121,kyoto,qpeexact,9.898603323666668,9.305102922385355,1
qpeexact_indep_qiskit_122,osaka,qpeexact,9.372869856666666,9.351636803128429,1
qpeexact_indep_qiskit_123,kyoto,qpeexact,10.565147427,9.324365915696712,1
qpeexact_indep_qiskit_124,osaka,qpeexact,10.312876196,9.370763745915074,1
qpeexact_indep_qiskit_125,kyoto,qpeexact,11.730143633000004,9.345937450667279,1
qpeexact_indep_qiskit_126,osaka,qpeexact,11.198939287,9.389859558978317,1
qpeexact_indep_qiskit_127,kyoto,qpeexact,10.362000485666668,9.366536011363408,1
qpeinexact_indep_qiskit_109,osaka,qpeinexact,8.759366415666667,9.236660930738967,1
qpeinexact_indep_qiskit_110,osaka,qpeinexact,8.546002119,9.241383559725413,1
qpeinexact_indep_qiskit_114,osaka,qpeinexact,9.902657956,9.282662879493143,1
qpeinexact_indep_qiskit_116,osaka,qpeinexact,9.397155140333334,9.299438619266063,1
qpeinexact_indep_qiskit_117,osaka,qpeinexact,10.244051362333332,9.310674063558707,1
qpeinexact_indep_qiskit_123,osaka,qpeinexact,10.803038577,9.361068541257948,1
qpeinexact_indep_qiskit_124,osaka,qpeinexact,10.067446135666666,9.370763745915074,1
qpeinexact_indep_qiskit_127,kyoto,qpeinexact,10.887157370000002,9.366536011363408,1
qpeinexact_indep_qiskit_127,osaka,qpeinexact,10.808390158333331,9.399498752855749,1
qwalk-noancilla_indep_qiskit_9,osaka,qwalk-noancilla,13.696209741,9.17637640358103,1
random_indep_qiskit_51,osaka,random,8.590883096333334,9.900339646478507,1
random_indep_qiskit_52,osaka,random,8.817938670666665,9.852241837970977,1
random_indep_qiskit_53,kyoto,random,8.972916130333333,9.859427237082018,1
random_indep_qiskit_53,osaka,random,8.697966863,9.89965342921816,1
random_indep_qiskit_56,osaka,random,9.999792457333331,9.999753099828807,1
random_indep_qiskit_58,osaka,random,9.978735220666668,10.010394352685752,1
random_indep_qiskit_59,kyoto,random,10.846070288000002,10.00965360160339,1
random_indep_qiskit_59,osaka,random,11.010818769000002,10.039173100296168,1
random_indep_qiskit_60,osaka,random,10.976276729,10.115608159680056,1
random_indep_qiskit_63,kyoto,random,12.103481404999998,10.13997478025312,1
random_indep_qiskit_64,osaka,random,12.138986933333335,10.197629413844416,1
realamprandom_indep_qiskit_62,osaka,realamprandom,5.786576134000001,7.589207914751819,1
realamprandom_indep_qiskit_63,kyoto,realamprandom,6.211742253333331,7.895569440215885,1
realamprandom_indep_qiskit_65,kyoto,realamprandom,7.239351634666668,7.977324273937278,1
realamprandom_indep_qiskit_68,osaka,realamprandom,7.427902239333332,7.866895102152201,1
realamprandom_indep_qiskit_72,osaka,realamprandom,7.800289211666666,8.0553541067787,1
realamprandom_indep_qiskit_73,kyoto,realamprandom,7.855828310999999,8.304325090045788,1
realamprandom_indep_qiskit_76,kyoto,realamprandom,8.691142174666668,8.425270512942662,1
realamprandom_indep_qiskit_77,kyoto,realamprandom,8.494324818666668,8.466292572245342,1
realamprandom_indep_qiskit_77,osaka,realamprandom,8.666279527333334,8.285222758486633,1
realamprandom_indep_qiskit_79,kyoto,realamprandom,9.049002081333333,8.547550381304532,1
su2random_indep_qiskit_59,osaka,su2random,7.153916357,7.284678157646791,1
su2random_indep_qiskit_60,osaka,su2random,6.074636242,7.321127655384177,1
su2random_indep_qiskit_65,osaka,su2random,6.100346888000001,7.5351046827070824,1
su2random_indep_qiskit_68,osaka,su2random,6.627926535666666,7.673399103777769,1
su2random_indep_qiskit_69,kyoto,su2random,8.530109372,7.9461330295694355,1
su2random_indep_qiskit_69,osaka,su2random,7.735143698666666,7.7190022739584645,1
su2random_indep_qiskit_70,osaka,su2random,7.438667910666666,7.7637030229969515,1
su2random_indep_qiskit_71,kyoto,su2random,6.316906082666667,8.025417367541447,1
su2random_indep_qiskit_73,osaka,su2random,8.179451884666667,7.903121749698168,1
su2random_indep_qiskit_74,osaka,su2random,8.061476373333335,7.948938681099947,1
su2random_indep_qiskit_75,osaka,su2random,9.344046111,7.9917798268077425,1
su2random_indep_qiskit_76,osaka,su2random,8.171713409,8.03821588750758,1
su2random_indep_qiskit_77,osaka,su2random,8.893606708666667,8.08246565319922,1
su2random_indep_qiskit_79,kyoto,su2random,9.495080022666668,8.342825584947013,1
twolocalrandom_indep_qiskit_61,osaka,twolocalrandom,5.870965126000001,7.546076433247862,1
twolocalrandom_indep_qiskit_62,osaka,twolocalrandom,7.602362642999999,7.589207914751819,1
twolocalrandom_indep_qiskit_64,osaka,twolocalrandom,6.889853844333332,7.6796409541558335,1
twolocalrandom_indep_qiskit_66,kyoto,twolocalrandom,7.366155682666666,8.018574736224192,1
twolocalrandom_indep_qiskit_67,osaka,twolocalrandom,7.065573124666667,7.819262592119795,1
twolocalrandom_indep_qiskit_69,kyoto,twolocalrandom,7.586910108666667,8.140801434109596,1
twolocalrandom_indep_qiskit_69,osaka,twolocalrandom,7.223339315,7.91342903970134,1
twolocalrandom_indep_qiskit_70,kyoto,twolocalrandom,7.287366488333333,8.182037240431843,1
twolocalrandom_indep_qiskit_71,kyoto,twolocalrandom,7.566844959333333,8.222189613087039,1
twolocalrandom_indep_qiskit_72,kyoto,twolocalrandom,7.945091131333334,8.263559936170255,1
twolocalrandom_indep_qiskit_79,kyoto,twolocalrandom,9.658107897666667,8.547550381304532,1
twolocalrandom_indep_qiskit_79,osaka,twolocalrandom,9.089070227666667,8.3726410006318,1
qft_indep_qiskit_102,osaka,qft,7.184249521000001,9.243253073100396,2
qft_indep_qiskit_103,osaka,qft,7.940607039333333,9.258350810866887,2
qft_indep_qiskit_104,osaka,qft,7.856234948666665,9.271146612110453,2
qft_indep_qiskit_112,osaka,qft,9.923078259333332,9.401159989245993,2
qft_indep_qiskit_115,kyoto,qft,10.630031033666668,9.428141966730525,2
qft_indep_qiskit_116,kyoto,qft,10.211631309333336,9.446184294216112,2
qft_indep_qiskit_116,osaka,qft,9.319189414,9.478570255808009,2
qft_indep_qiskit_118,kyoto,qft,8.350245379,9.481543389841677,2
qft_indep_qiskit_120,osaka,qft,8.995847224,9.54598113568414,2
qft_indep_qiskit_122,osaka,qft,9.271384517333331,9.582178111372817,2
qft_indep_qiskit_123,kyoto,qft,11.274273589666668,9.576420166161377,2
qft_indep_qiskit_124,kyoto,qft,9.006403038666667,9.59875145096213,2
qft_indep_qiskit_126,osaka,qft,10.180081716666669,9.65752802378158,2
qftentangled_indep_qiskit_102,osaka,qftentangled,7.214943069,9.221266466699792,2
qftentangled_indep_qiskit_105,osaka,qftentangled,8.0527331,9.262096904053086,2
qftentangled_indep_qiskit_107,kyoto,qftentangled,7.929360971333334,9.2801859931597,2
qftentangled_indep_qiskit_107,osaka,qftentangled,8.765439264666666,9.290512827226571,2
qftentangled_indep_qiskit_108,kyoto,qftentangled,8.254753241666666,9.29651780839624,2
qftentangled_indep_qiskit_108,osaka,qftentangled,7.411520106,9.314976987305,2
qftentangled_indep_qiskit_111,kyoto,qftentangled,8.634316736666667,9.342046222206436,2
qftentangled_indep_qiskit_111,osaka,qftentangled,8.690663083,9.367134528090082,2
qftentangled_indep_qiskit_112,osaka,qftentangled,8.561718018666665,9.379685207933104,2
qftentangled_indep_qiskit_114,kyoto,qftentangled,8.538452867666665,9.39103134090794,2
qftentangled_indep_qiskit_114,osaka,qftentangled,9.324190215666668,9.42392703897917,2
qftentangled_indep_qiskit_116,osaka,qftentangled,8.634329982666666,9.45769299054345,2
qftentangled_indep_qiskit_117,osaka,qftentangled,8.969100876333334,9.478509570131093,2
qftentangled_indep_qiskit_119,osaka,qftentangled,9.432949642333334,9.508321321890538,2
qftentangled_indep_qiskit_120,kyoto,qftentangled,8.780554115,9.500395169109604,2
qftentangled_indep_qiskit_122,osaka,qftentangled,10.180717962333333,9.561749896910674,2
qftentangled_indep_qiskit_127,kyoto,qftentangled,11.516551934666666,9.640018987636536,2
qnn_indep_qiskit_44,osaka,qnn,3.533997432,4.114726532792476,2
qnn_indep_qiskit_45,osaka,qnn,3.25645137,4.080146139992495,2
qnn_indep_qiskit_46,kyoto,qnn,3.2536599233333328,4.180051240995058,2
qnn_indep_qiskit_46,osaka,qnn,3.2044346396666668,4.031293589906433,2
qnn_indep_qiskit_48,osaka,qnn,3.769855553,3.9627802729053014,2
qnn_indep_qiskit_49,osaka,qnn,3.107238810333333,3.9515430956677964,2
qnn_indep_qiskit_50,osaka,qnn,3.918767016,3.957326684348832,2
qnn_indep_qiskit_54,kyoto,qnn,4.159184223333333,4.0797316672622035,2
qnn_indep_qiskit_56,osaka,qnn,4.284129339333333,4.057923346793876,2
qnn_indep_qiskit_57,kyoto,qnn,7.3761596906666655,4.147118528141926,2
qpeexact_indep_qiskit_106,osaka,qpeexact,8.148926617333332,9.411009982415571,2
qpeexact_indep_qiskit_110,osaka,qpeexact,7.675784986666666,9.475962512207625,2
qpeexact_indep_qiskit_111,osaka,qpeexact,9.140545321,9.498109419301649,2
qpeexact_indep_qiskit_115,kyoto,qpeexact,9.143341178666669,9.551525114570088,2
qpeexact_indep_qiskit_115,osaka,qpeexact,10.216396313666666,9.563301616905688,2
qpeexact_indep_qiskit_117,kyoto,qpeexact,8.995760348,9.586182901914052,2
qpeexact_indep_qiskit_117,osaka,qpeexact,9.528173836,9.605171949166282,2
qpeexact_indep_qiskit_118,kyoto,qpeexact,10.494290383666666,9.600913276672674,2
qpeexact_indep_qiskit_119,kyoto,qpeexact,9.571055423,9.621570309786591,2
qpeexact_indep_qiskit_119,osaka,qpeexact,10.566310593333334,9.632539564982036,2
qpeexact_indep_qiskit_122,kyoto,qpeexact,9.802910148333332,9.675935277565253,2
qpeexact_indep_qiskit_124,kyoto,qpeexact,10.193362387000002,9.716107107075006,2
qpeinexact_indep_qiskit_107,osaka,qpeinexact,8.195942429666667,9.422733515321895,2
qpeinexact_indep_qiskit_111,osaka,qpeinexact,8.701780038333332,9.498109419301649,2
qpeinexact_indep_qiskit_115,osaka,qpeinexact,10.570876769666668,9.563301616905688,2
qpeinexact_indep_qiskit_116,kyoto,qpeinexact,9.314284184666665,9.568392715873852,2
qpeinexact_indep_qiskit_118,osaka,qpeinexact,10.459956765,9.616280328886816,2
qpeinexact_indep_qiskit_119,osaka,qpeinexact,10.305834982,9.632539564982036,2
qpeinexact_indep_qiskit_120,osaka,qpeinexact,9.850041436333331,9.650009149635395,2
qpeinexact_indep_qiskit_121,kyoto,qpeinexact,10.253790127666669,9.657657285433748,2
qpeinexact_indep_qiskit_121,osaka,qpeinexact,9.374097513666667,9.668638260042899,2
qpeinexact_indep_qiskit_122,kyoto,qpeinexact,9.160844985333334,9.675935277565253,2
qpeinexact_indep_qiskit_122,osaka,qpeinexact,10.441375048,9.68677155802696,2
qpeinexact_indep_qiskit_123,kyoto,qpeinexact,10.073303559333334,9.694064978501544,2
qpeinexact_indep_qiskit_125,kyoto,qpeinexact,10.553774538333334,9.735052641652583,2
qpeinexact_indep_qiskit_126,osaka,qpeinexact,11.044638785333332,9.760941638766738,2
random_indep_qiskit_49,osaka,random,8.399987527666667,10.119042828792397,2
random_indep_qiskit_51,kyoto,random,7.980924129333332,10.147557902847192,2
random_indep_qiskit_52,kyoto,random,8.542477687666667,10.1521297505645,2
random_indep_qiskit_55,osaka,random,9.788742221,10.301888077136338,2
random_indep_qiskit_56,kyoto,random,9.992737239,10.33841656138897,2
random_indep_qiskit_61,osaka,random,11.396296406000005,10.517297514987554,2
random_indep_qiskit_62,osaka,random,11.795516367000005,10.5167779156353,2
random_indep_qiskit_64,kyoto,random,12.750796255,10.666533225328363,2
realamprandom_indep_qiskit_59,osaka,realamprandom,5.792282395333333,7.52147144743685,2
realamprandom_indep_qiskit_64,kyoto,realamprandom,7.060306766666667,7.871653098608122,2
realamprandom_indep_qiskit_64,osaka,realamprandom,6.113881561,7.783751810153545,2
realamprandom_indep_qiskit_67,kyoto,realamprandom,7.109526706333334,8.02746398020725,2
realamprandom_indep_qiskit_71,osaka,realamprandom,6.892139320666668,8.178193683728034,2
realamprandom_indep_qiskit_72,kyoto,realamprandom,8.374927527666667,8.295387893313723,2
realamprandom_indep_qiskit_73,osaka,realamprandom,7.126403085,8.292654862218788,2
realamprandom_indep_qiskit_74,osaka,realamprandom,8.334330482666667,8.351699415097197,2
realamprandom_indep_qiskit_75,kyoto,realamprandom,8.329864510333335,8.46240956896529,2
realamprandom_indep_qiskit_75,osaka,realamprandom,8.618052495999999,8.408548405437982,2
realamprandom_indep_qiskit_76,osaka,realamprandom,7.237598255333332,8.467616353631131,2
realamprandom_indep_qiskit_78,kyoto,realamprandom,8.519939900333332,8.635078841685381,2
realamprandom_indep_qiskit_79,osaka,realamprandom,9.159214288333333,8.647319073098979,2
realamprandom_indep_qiskit_80,kyoto,realamprandom,8.453854231000001,8.759925770404486,2
realamprandom_indep_qiskit_80,osaka,realamprandom,9.152191186333337,8.708397930542752,2
su2random_indep_qiskit_61,osaka,su2random,6.477262166,7.550277998394918,2
su2random_indep_qiskit_62,osaka,su2random,5.9174102243333335,7.6024537564864545,2
su2random_indep_qiskit_63,kyoto,su2random,5.868165223666668,7.744767354509716,2
su2random_indep_qiskit_63,osaka,su2random,6.542463093666666,7.653666085944281,2
su2random_indep_qiskit_66,kyoto,su2random,7.952688728333332,7.900145604088997,2
su2random_indep_qiskit_67,kyoto,su2random,7.072269080333332,7.950285433141984,2
su2random_indep_qiskit_68,kyoto,su2random,7.040496177666668,8.002923817990428,2
su2random_indep_qiskit_70,kyoto,su2random,7.328177086666667,8.106922533407417,2
su2random_indep_qiskit_72,kyoto,su2random,7.818296871333332,8.217414442203676,2
su2random_indep_qiskit_73,kyoto,su2random,8.380847304666666,8.273608610303613,2
su2random_indep_qiskit_77,kyoto,su2random,9.971929637666664,8.498747743283216,2
twolocalrandom_indep_qiskit_63,kyoto,twolocalrandom,6.2847671740000015,7.8188884689862865,2
twolocalrandom_indep_qiskit_63,osaka,twolocalrandom,6.864774389,7.730354448225359,2
twolocalrandom_indep_qiskit_64,kyoto,twolocalrandom,7.509032515333334,7.871653098608122,2
twolocalrandom_indep_qiskit_65,kyoto,twolocalrandom,5.917471137333334,7.923912691119489,2
twolocalrandom_indep_qiskit_67,kyoto,twolocalrandom,7.422270813,8.02746386417345,2
twolocalrandom_indep_qiskit_68,osaka,twolocalrandom,7.473327863666667,8.00885053436262,2
twolocalrandom_indep_qiskit_70,osaka,twolocalrandom,8.151819259333331,8.121313045168552,2
twolocalrandom_indep_qiskit_72,osaka,twolocalrandom,7.656744457999999,8.236497476833158,2
twolocalrandom_indep_qiskit_73,kyoto,twolocalrandom,8.951928324333332,8.35178307546633,2
twolocalrandom_indep_qiskit_75,osaka,twolocalrandom,8.731653949333333,8.408548347421084,2
twolocalrandom_indep_qiskit_78,kyoto,twolocalrandom,8.496730056666665,8.63507869664313,2
twolocalrandom_indep_qiskit_80,kyoto,twolocalrandom,9.937363636,8.759925770404486,2
twolocalrandom_indep_qiskit_80,osaka,twolocalrandom,8.050992755,8.708398003063877,2
