circuit,backend,status,time_s,time_std,n_repeats,n_required,wall_s,times,num_qubits,error
dj_indep_qiskit_3,sherbrooke,ok,1.205495278040568,0.13401340976621218,3,1,1.2058579793332835,1.344445;1.077034;1.195007,3,
dj_indep_qiskit_4,sherbrooke,ok,1.1917643547058105,0.1267453868752415,3,1,1.1920422920000722,1.303118;1.053840;1.218336,4,
dj_indep_qiskit_5,sherbrooke,ok,1.207526445388794,0.09583628530251466,3,1,1.207793984333269,1.252616;1.097461;1.272502,5,
dj_indep_qiskit_6,sherbrooke,ok,1.2320165634155273,0.05634423942347136,3,1,1.2323694836666164,1.190055;1.209938;1.296057,6,
dj_indep_qiskit_7,sherbrooke,ok,1.2189290523529053,0.09227819511099213,3,1,1.2193503363332638,1.174269;1.157478;1.325041,7,
dj_indep_qiskit_8,sherbrooke,ok,1.261224587758382,0.10664760090351881,3,1,1.262289131666724,1.282395;1.145580;1.355699,8,
ghz_indep_qiskit_3,sherbrooke,ok,1.1391456127166748,0.16545102564389516,3,2,1.1394334683333607,1.039523;1.047782;1.330132,3,
ghz_indep_qiskit_4,sherbrooke,ok,1.1460017363230388,0.07694116850393078,3,1,1.1463904766666626,1.078061;1.130394;1.229550,4,
ghz_indep_qiskit_5,sherbrooke,ok,1.1349149545033772,0.14699170580009774,3,2,1.135192148000063,1.066618;1.303630;1.034496,5,
ghz_indep_qiskit_6,sherbrooke,ok,1.0510254700978596,0.10392601370620472,3,1,1.0512602193333198,0.985735;1.170869;0.996473,6,
ghz_indep_qiskit_7,sherbrooke,ok,1.1479323705037434,0.15682458981451977,3,2,1.1482533599998987,1.022611;1.323796;1.097390,7,
ghz_indep_qiskit_8,sherbrooke,ok,1.3005346457163494,0.12976509020750276,3,1,1.3010007619999822,1.216032;1.449947;1.235625,8,
graphstate_indep_qiskit_3,sherbrooke,ok,1.2180734475453694,0.10506370484047271,3,1,1.2183529186665207,1.167460;1.338864;1.147897,3,
graphstate_indep_qiskit_4,sherbrooke,ok,1.128881851832072,0.11106262600313653,3,1,1.1303268753333668,1.059776;1.256993;1.069876,4,
graphstate_indep_qiskit_5,sherbrooke,ok,1.1467928091684978,0.14890370264274574,3,2,1.147100501333398,1.318720;1.062563;1.059095,5,
graphstate_indep_qiskit_6,sherbrooke,ok,1.2038259506225586,0.11431926932506904,3,1,1.2040993380000298,1.329066;1.177333;1.105079,6,
graphstate_indep_qiskit_7,sherbrooke,ok,1.1745719909667969,0.014949897543869094,3,1,1.1748397429999689,1.173413;1.190068;1.160235,7,
graphstate_indep_qiskit_8,sherbrooke,ok,1.3815205097198486,0.15748081254907678,3,1,1.3819821859999593,1.559237;1.326023;1.259302,8,
qft_indep_qiskit_3,sherbrooke,ok,1.1203406651814778,0.146972818262974,3,2,1.1206096716666707,1.280147;0.990965;1.089910,3,
qft_indep_qiskit_4,sherbrooke,ok,1.1829205354054768,0.09423573470170479,3,1,1.1831975513332509,1.215808;1.076648;1.256306,4,
qft_indep_qiskit_5,sherbrooke,ok,1.2033864657084148,0.11009582302351303,3,1,1.203729297666693,1.103514;1.185203;1.321442,5,
qft_indep_qiskit_6,sherbrooke,ok,1.2554234663645427,0.16478586423211744,3,2,1.257781525333409,1.111439;1.219686;1.435146,6,
qft_indep_qiskit_7,sherbrooke,ok,1.369362513224284,0.11017320026138964,3,1,1.372082715333363,1.302044;1.309538;1.496506,7,
qft_indep_qiskit_8,sherbrooke,ok,1.7522229353586833,0.1100145350924748,3,1,1.753662733666791,1.723321;1.659545;1.873803,8,
qpeexact_indep_qiskit_3,sherbrooke,ok,1.1970527172088623,0.06922422015293817,3,1,1.1975507256666635,1.208511;1.122814;1.259833,3,
qpeexact_indep_qiskit_4,sherbrooke,ok,1.1786505381266277,0.12240547265510371,3,1,1.1789258633333854,1.115215;1.319753;1.100983,4,
qpeexact_indep_qiskit_5,sherbrooke,ok,1.2113468647003174,0.010333052067143076,3,1,1.2116742326666856,1.199788;1.219688;1.214565,5,
qpeexact_indep_qiskit_6,sherbrooke,ok,1.3440829912821453,0.15442504087077996,3,1,1.3446139653333375,1.182539;1.490237;1.359473,6,
qpeexact_indep_qiskit_7,sherbrooke,ok,1.2650349140167236,0.11987637804840683,3,1,1.2655321589999555,1.210856;1.402437;1.181812,7,
qpeexact_indep_qiskit_8,sherbrooke,ok,1.5913890997568767,0.10285897145773476,3,1,1.59420602233331,1.538146;1.709955;1.526066,8,
wstate_indep_qiskit_3,sherbrooke,ok,1.1677358945210774,0.1614956487120092,3,2,1.1681170366667477,1.076544;1.354200;1.072464,3,
wstate_indep_qiskit_4,sherbrooke,ok,1.170560598373413,0.10908286178750143,3,1,1.1708431016666812,1.282040;1.064044;1.165598,4,
wstate_indep_qiskit_5,sherbrooke,ok,1.1323667367299397,0.09813417043806658,3,1,1.1343421223333887,1.245486;1.081584;1.070030,5,
wstate_indep_qiskit_6,sherbrooke,ok,1.1282246112823486,0.07746766845870291,3,1,1.12850217233328,1.217527;1.088045;1.079101,6,
wstate_indep_qiskit_7,sherbrooke,ok,1.1387171745300293,0.1364963993716616,3,1,1.1390065463333485,1.296181;1.054053;1.065917,7,
wstate_indep_qiskit_8,sherbrooke,ok,1.4274324576059978,0.23826542380266422,3,2,1.4278885913333095,1.292013;1.287738;1.702547,8,
dj_indep_qiskit_3,washington,ok,1.6425238450368245,0.1990104438285751,3,1,1.642830760666584,1.498542;1.869618;1.559412,3,
dj_indep_qiskit_4,washington,ok,1.7397785186767578,0.12166554793215816,3,1,1.7400507779999923,1.711361;1.634837;1.873138,4,
dj_indep_qiskit_5,washington,ok,1.6635071436564128,0.13271250726629402,3,1,1.6638163876666567,1.604630;1.815472;1.570419,5,
dj_indep_qiskit_6,washington,ok,1.6254076957702637,0.05953570701915962,3,1,1.6261177199999868,1.680398;1.562183;1.633642,6,
dj_indep_qiskit_7,washington,ok,1.756682316462199,0.07605344016639459,3,1,1.7575792246666424,1.819376;1.778592;1.672079,7,
dj_indep_qiskit_8,washington,ok,1.718473196029663,0.1596373986809522,3,1,1.7187870816667328,1.634733;1.902557;1.618129,8,
ghz_indep_qiskit_3,washington,ok,1.8457852999369304,0.10731990266954232,3,1,1.8461627213332577,1.926506;1.723996;1.886854,3,
ghz_indep_qiskit_4,washington,ok,1.5770025253295898,0.16027068088910462,3,1,1.5772790383333206,1.528143;1.446848;1.756016,4,
ghz_indep_qiskit_5,washington,ok,1.7133657932281494,0.1539781075844239,3,1,1.7137828583333128,1.684720;1.879655;1.575722,5,
ghz_indep_qiskit_6,washington,ok,1.6872727870941162,0.1857170562978014,3,1,1.6875310773333088,1.798255;1.472870;1.790694,6,
ghz_indep_qiskit_7,washington,ok,1.7240188121795654,0.16492672839765365,3,1,1.7243803493333871,1.686395;1.904507;1.581155,7,
ghz_indep_qiskit_8,washington,ok,1.7941553592681885,0.1467881266779566,3,1,1.7945028769999378,1.963012;1.696986;1.722468,8,
graphstate_indep_qiskit_3,washington,ok,1.6659596761067708,0.05682484208756973,3,1,1.6662503166666436,1.677231;1.604344;1.716304,3,
graphstate_indep_qiskit_4,washington,ok,1.6484187444051106,0.16508397204890018,3,1,1.648680810333417,1.485381;1.815475;1.644400,4,
graphstate_indep_qiskit_5,washington,ok,1.663237492243449,0.06485489710894851,3,1,1.663521970999985,1.675875;1.592994;1.720844,5,
graphstate_indep_qiskit_6,washington,ok,1.7004636923472087,0.20288615312785538,3,1,1.700817370333425,1.579290;1.587411;1.934690,6,
graphstate_indep_qiskit_7,washington,ok,1.9331743717193604,0.09032424181070094,3,1,1.9342086906666889,1.932956;2.023607;1.842959,7,
graphstate_indep_qiskit_8,washington,ok,1.930346409479777,0.18773271133434238,3,1,1.9336178186666377,2.131862;1.760399;1.898778,8,
qft_indep_qiskit_3,washington,ok,1.643290599187215,0.07972039596614923,3,1,1.6435605070000747,1.600585;1.735266;1.594021,3,
qft_indep_qiskit_4,washington,ok,1.5929362773895264,0.17759016687312446,3,1,1.5932150549999733,1.797841;1.483494;1.497474,4,
qft_indep_qiskit_5,washington,ok,1.6634844144185383,0.2108699282435403,3,1,1.6638028766667503,1.783596;1.420000;1.786857,5,
qft_indep_qiskit_6,washington,ok,1.6273510456085205,0.1068479688231155,3,1,1.6276915350000156,1.512200;1.723289;1.646563,6,
qft_indep_qiskit_7,washington,ok,1.7239405314127605,0.16073888861199445,3,1,1.724382202000091,1.794515;1.539988;1.837319,7,
qft_indep_qiskit_8,washington,ok,2.1858415603637695,0.11174299575510867,3,1,2.1862386323333944,2.138928;2.105203;2.313394,8,
qpeexact_indep_qiskit_3,washington,ok,1.6670910517374675,0.12090290499044198,3,1,1.6674009876666485,1.556941;1.796447;1.647885,3,
qpeexact_indep_qiskit_4,washington,ok,1.6406728426615398,0.167565228323299,3,1,1.640941879999976,1.792102;1.460651;1.669265,4,
qpeexact_indep_qiskit_5,washington,ok,1.488834301630656,0.10020541765650672,3,1,1.489180923333303,1.427936;1.604487;1.434079,5,
qpeexact_indep_qiskit_6,washington,ok,1.591352144877116,0.07640604483060962,3,1,1.5917022213333591,1.674173;1.523610;1.576273,6,
qpeexact_indep_qiskit_7,washington,ok,1.6588423252105713,0.13375876115363852,3,1,1.661779994666631,1.770270;1.510504;1.695754,7,
qpeexact_indep_qiskit_8,washington,ok,2.0688603719075522,0.1116042323678902,3,1,2.069346845666663,2.012464;2.197408;1.996709,8,
wstate_indep_qiskit_3,washington,ok,1.6625847816467285,0.12740327379658323,3,1,1.6628712733333184,1.694007;1.522410;1.771337,3,
wstate_indep_qiskit_4,washington,ok,1.5475813547770183,0.10215751724108535,3,1,1.5479860150000302,1.482224;1.495216;1.665304,4,
wstate_indep_qiskit_5,washington,ok,1.542492151260376,0.16154720123908772,3,1,1.5427624813333598,1.450897;1.729021;1.447559,5,
wstate_indep_qiskit_6,washington,ok,1.851275126139323,0.09130655813827637,3,1,1.851591945333439,1.745945;1.899938;1.907943,6,
wstate_indep_qiskit_7,washington,ok,1.5958463350931804,0.13321183565657455,3,1,1.596193366333182,1.497767;1.747505;1.542266,7,
wstate_indep_qiskit_8,washington,ok,1.862019697825114,0.14461374018778594,3,1,1.8623298573334068,2.005228;1.716041;1.864790,8,
