circuit,backend,family,y,pred,split
wstate_indep_qiskit_65,washington,wstate,0.7275878429412842,0.6504222619547283,test
graphstate_indep_qiskit_73,washington,graphstate,0.7002420425415039,0.6106522807070829,test
graphstate_indep_qiskit_126,washington,graphstate,0.8724796056747437,0.6121809787770175,test
wstate_indep_qiskit_103,sherbrooke,wstate,0.68405602,0.4536954218948822,test
graphstate_indep_qiskit_53,sherbrooke,graphstate,0.4639251708984375,0.43746292348908156,test
wstate_indep_qiskit_43,sherbrooke,wstate,0.4021012306213379,0.48691053401797446,test
portfolioqaoa_indep_qiskit_7,sherbrooke,portfolioqaoa,0.7355422973632812,0.6821492890546824,test
qftentangled_indep_qiskit_40,washington,qftentangled,0.7510342597961426,0.6368776575913395,test
ghz_indep_qiskit_66,washington,ghz,0.7270508050918579,0.6302803746528207,test
qaoa_indep_qiskit_3,washington,qaoa,0.6285431146621704,0.5357671864017842,test
dj_indep_qiskit_35,sherbrooke,dj,0.418685246,0.3359077394371054,test
wstate_indep_qiskit_30,sherbrooke,wstate,0.756731653,1.8721849701877893,test
dj_indep_qiskit_74,sherbrooke,dj,0.39580979347229,0.43886629582687364,test
qpeexact_indep_qiskit_30,washington,qpeexact,15.022653698921204,13.713385277325523,test
graphstate_indep_qiskit_55,washington,graphstate,0.6945757865905762,0.600806835251337,test
qft_indep_qiskit_41,washington,qft,0.7503467798233032,0.6561060195396932,test
wstate_indep_qiskit_66,sherbrooke,wstate,0.3720972061157226,0.42828552433894185,test
graphstate_indep_qiskit_62,sherbrooke,graphstate,0.4224282741546631,0.41120973049918896,test
dj_indep_qiskit_79,washington,dj,0.6897423028945923,0.6706450305224729,test
dj_indep_qiskit_9,sherbrooke,dj,0.6553269863128662,1.6271682596321142,test
ae_indep_qiskit_7,washington,ae,0.807545829,0.747558171802327,test
portfoliovqe_indep_qiskit_9,sherbrooke,portfoliovqe,2.118359112739563,2.580969686636688,test
qpeexact_indep_qiskit_31,washington,qpeexact,0.7525570392608643,0.9325716919244497,test
dj_indep_qiskit_111,sherbrooke,dj,0.4940074205398559,0.39300278667776545,test
wstate_indep_qiskit_112,washington,wstate,0.7211124897003174,0.6811423536934966,test
wstate_indep_qiskit_37,sherbrooke,wstate,0.5263849020004272,0.5212893248743696,test
qftentangled_indep_qiskit_8,washington,qftentangled,0.896734071,0.7878962759347812,test
graphstate_indep_qiskit_61,sherbrooke,graphstate,0.5010753631591797,0.43702905354387145,test
graphstate_indep_qiskit_124,washington,graphstate,0.667896032,0.6072246928142448,test
qaoa_indep_qiskit_12,washington,qaoa,1.7592026948928834,6.372210785166265,test
wstate_indep_qiskit_108,sherbrooke,wstate,0.4984094858169555,0.44922622429430104,test
graphstate_indep_qiskit_64,washington,graphstate,0.6924327850341797,0.6191819783892099,test
dj_indep_qiskit_42,washington,dj,0.7614506959915162,0.6640749123482736,test
qft_indep_qiskit_35,sherbrooke,qft,0.6034955739974975,0.5066280149808594,test
graphstate_indep_qiskit_100,sherbrooke,graphstate,0.3970540761947632,0.38548462206023515,test
ghz_indep_qiskit_78,washington,ghz,0.738433051,0.6489555562524509,test
random_indep_qiskit_6,washington,random,0.7332718849182129,0.39563926307036523,test
dj_indep_qiskit_106,washington,dj,0.6993066310882569,0.7105426363539664,test
qnn_indep_qiskit_2,sherbrooke,qnn,0.3524431705474853,0.3349109573376188,test
graphstate_indep_qiskit_70,sherbrooke,graphstate,0.4895007371902465,0.39694347827126175,test
graphstate_indep_qiskit_76,washington,graphstate,0.7391016244888305,0.6029804761672379,test
wstate_indep_qiskit_53,washington,wstate,0.7194048643112183,0.6091845788357332,test
ghz_indep_qiskit_42,washington,ghz,0.7348159790039063,0.5469884946032468,test
dj_indep_qiskit_77,sherbrooke,dj,0.4294341087341308,0.47362470372823007,test
wstate_indep_qiskit_6,sherbrooke,wstate,0.4797060012817383,0.5400840467626836,test
ghz_indep_qiskit_106,washington,ghz,0.7080838680267334,0.6639042992375335,test
ghz_indep_qiskit_104,washington,ghz,0.6694590091705322,0.6621500838152936,test
su2random_indep_qiskit_2,washington,su2random,0.7614994287490845,0.49350954109527234,test
qaoa_indep_qiskit_11,sherbrooke,qaoa,7.729265046,8.84843330583785,test
dj_indep_qiskit_65,sherbrooke,dj,0.3559437274932861,0.3723840792179507,test
qpeinexact_indep_qiskit_40,sherbrooke,qpeinexact,0.6447652578353882,0.5338228942576979,test
portfoliovqe_indep_qiskit_6,sherbrooke,portfoliovqe,0.470346737,0.5806520360656837,test
wstate_indep_qiskit_98,washington,wstate,0.7501973152160645,0.6779317390874587,test
graphstate_indep_qiskit_33,washington,graphstate,0.7083473682403565,0.6389335972999209,test
dj_indep_qiskit_76,washington,dj,0.7901303768157959,0.7238722214545046,test
qpeexact_indep_qiskit_5,sherbrooke,qpeexact,0.2937478542327881,0.4560462276488837,test
dj_indep_qiskit_10,sherbrooke,dj,1.6626896858215332,1.6888318148670312,test
graphstate_indep_qiskit_39,sherbrooke,graphstate,0.4060575723648071,0.5513762362250645,test
ghz_indep_qiskit_9,sherbrooke,ghz,0.4864916324615478,0.8352226593666576,test
qft_indep_qiskit_4,washington,qft,0.7034183979034424,0.5953087482557831,test
graphstate_indep_qiskit_40,washington,graphstate,0.6846941947937012,0.5878118863307233,test
qaoa_indep_qiskit_9,washington,qaoa,1.748155141,1.7573939558706626,test
wstate_indep_qiskit_36,sherbrooke,wstate,0.5235593795776368,0.5278235809619638,test
qftentangled_indep_qiskit_5,sherbrooke,qftentangled,0.4026683330535888,0.49079559340019874,test
dj_indep_qiskit_106,sherbrooke,dj,0.4852498531341552,0.5004823414598778,test
graphstate_indep_qiskit_60,sherbrooke,graphstate,0.6153917789459229,0.4111227572763325,test
qaoa_indep_qiskit_13,washington,qaoa,10.634209942817687,11.80213222995006,test
grover-v-chain_indep_qiskit_5,sherbrooke,grover-v-chain,0.6568397283554077,0.6814408212732552,test
dj_indep_qiskit_89,washington,dj,0.7137979507446289,0.6944960767369422,test
ghz_indep_qiskit_43,washington,ghz,0.7988661289215088,0.533027338310829,test
dj_indep_qiskit_64,washington,dj,0.737823772,0.7129139018881465,test
wstate_indep_qiskit_124,sherbrooke,wstate,0.434325098991394,0.4416678297719252,test
wstate_indep_qiskit_2,washington,wstate,0.7222735643386841,0.4752908348159559,test
ghz_indep_qiskit_30,washington,ghz,0.7782585620880127,0.8586748931244249,test
ghz_indep_qiskit_91,sherbrooke,ghz,0.3993279933929443,0.4635952735076573,test
graphstate_indep_qiskit_80,sherbrooke,graphstate,0.4664109468460083,0.4236851389343692,test
graphstate_indep_qiskit_86,washington,graphstate,0.73654201,0.6131123202312887,test
ghz_indep_qiskit_90,sherbrooke,ghz,0.5625116109848023,0.4634364994832003,test
ghz_indep_qiskit_46,sherbrooke,ghz,0.2713955640792846,0.48342103038586937,test
su2random_indep_qiskit_2,sherbrooke,su2random,0.5003416776657105,0.4145893490197732,test
qpeexact_indep_qiskit_37,sherbrooke,qpeexact,0.5296228170394898,0.5310956898511228,test
ghz_indep_qiskit_4,washington,ghz,0.7045978307723999,0.669966141299656,test
random_indep_qiskit_5,washington,random,0.6782656192779541,0.4398851469027326,test
qpeexact_indep_qiskit_6,sherbrooke,qpeexact,0.4334531784057617,0.5412186833361076,test
ae_indep_qiskit_10,washington,ae,1.4645457029342652,1.5487448110959694,test
graphstate_indep_qiskit_74,washington,graphstate,0.6948171377182006,0.6127442357590498,test
portfolioqaoa_indep_qiskit_8,sherbrooke,portfolioqaoa,0.9423082590103148,0.8084674737926831,test
dj_indep_qiskit_126,sherbrooke,dj,0.4595222949981689,0.44236085693273075,test
dj_indep_qiskit_117,sherbrooke,dj,0.5044644832611084,0.38041166937341053,test
qpeinexact_indep_qiskit_37,washington,qpeinexact,0.7900132179260254,0.6176794106003274,test
qpeinexact_indep_qiskit_5,sherbrooke,qpeinexact,0.3449058055877685,0.4560462276488837,test
qnn_indep_qiskit_7,washington,qnn,0.8163488388061524,0.6305713326503415,test
realamprandom_indep_qiskit_8,sherbrooke,realamprandom,0.8384473323822021,0.7819630929397741,test
graphstate_indep_qiskit_127,sherbrooke,graphstate,0.6929724454879761,0.3789092931555035,test
graphstate_indep_qiskit_37,washington,graphstate,0.5952350616455078,0.638237006918972,test
wstate_indep_qiskit_31,washington,wstate,0.7180049657821655,0.8072376647586532,test
graphstate_indep_qiskit_49,washington,graphstate,0.7359074592590332,0.6085338122321131,test
qft_indep_qiskit_36,sherbrooke,qft,0.4763689756393433,0.5094516945306736,test
graphstate_indep_qiskit_72,sherbrooke,graphstate,0.4506978988647461,0.4022216417869937,test
qftentangled_indep_qiskit_9,sherbrooke,qftentangled,1.315814447402954,3.0913616618231856,test
dj_indep_qiskit_2,sherbrooke,dj,0.50060823,0.5108891665020966,test
graphstate_indep_qiskit_43,washington,graphstate,0.7618664979934693,0.5748439106034535,test
ghz_indep_qiskit_49,washington,ghz,0.7571986436843872,0.5736169368198604,test
dj_indep_qiskit_63,washington,dj,0.6942558765411377,0.7233303821075281,test
wstate_indep_qiskit_51,sherbrooke,wstate,0.4004445791244507,0.4538631614409905,test
vqe_indep_qiskit_4,sherbrooke,vqe,0.4433174610137939,0.3772813996344784,test
ghz_indep_qiskit_14,sherbrooke,ghz,2.709961271286011,1.6777674799228564,test
graphstate_indep_qiskit_13,washington,graphstate,1.9773999214172364,3.4030907040434997,test
wstate_indep_qiskit_99,sherbrooke,wstate,0.6924318313598633,0.4462876787876041,test
su2random_indep_qiskit_8,sherbrooke,su2random,0.8549562931060791,0.8795647884570936,test
dj_indep_qiskit_115,sherbrooke,dj,0.4045115232467651,0.37374086149451213,test
graphstate_indep_qiskit_41,sherbrooke,graphstate,0.4323609352111816,0.5320739278801854,test
graphstate_indep_qiskit_111,sherbrooke,graphstate,0.6928811550140381,0.38412048345821626,test
graphstate_indep_qiskit_92,washington,graphstate,0.7988377809524536,0.6007653792922486,test
ghz_indep_qiskit_92,washington,ghz,0.7170371532440185,0.6576377061168448,test
ghz_indep_qiskit_102,washington,ghz,0.7956633806228638,0.6631134559366609,test
dj_indep_qiskit_37,sherbrooke,dj,0.5019599914550781,0.47159320847611674,test
ghz_indep_qiskit_105,sherbrooke,ghz,0.412888241,0.4620442382619847,test
ae_indep_qiskit_12,sherbrooke,ae,9.304319572,11.536044129719569,test
random_indep_qiskit_8,sherbrooke,random,0.5897822380065918,0.8093631064171296,test
dj_indep_qiskit_45,sherbrooke,dj,0.4327250957489014,0.5204717765795185,test
graphstate_indep_qiskit_84,washington,graphstate,0.6723133087158203,0.6072636583506523,test
ghz_indep_qiskit_60,washington,ghz,0.5726973295211792,0.6211143165044278,test
graphstate_indep_qiskit_28,washington,graphstate,0.7840754985809326,0.8554187229404239,test
dj_indep_qiskit_114,sherbrooke,dj,0.4278816938400268,0.4950419556421308,test
wstate_indep_qiskit_58,sherbrooke,wstate,0.3656568050384521,0.4480999402154069,test
graphstate_indep_qiskit_113,washington,graphstate,0.7618180990219117,0.616582053738727,test
wstate_indep_qiskit_34,washington,wstate,0.5910587787628174,0.6025063763171823,test
qpeinexact_indep_qiskit_8,sherbrooke,qpeinexact,0.5430082082748413,0.898997365065282,test
