feature,mean_abs_shap
num_qubits,0.06517823621002965
parallelism,0.03564509637990191
program_communication,0.03407177181432647
rccx,0.033711906259699796
critical_depth,0.03199651861649384
h,0.021470200953495194
cx,0.020606029471711203
rx,0.020200172610271
u2,0.020027405776062487
ry,0.018599801606251003
rzz,0.018047097057618245
swap,0.015406825477862636
entanglement_ratio,0.015359365875759368
x,0.015314646666034357
cp,0.015017644499032359
liveness,0.014581165134350623
u3,0.012565522422927891
cz,0.012445449205095249
ccx,0.012380053239027859
depth,0.010696340720054216
u,0.008991073055619579
u1,0.006451707518422765
ch,0.0036409155839818423
crz,0.003210490423216486
z,0.002168034370358419
cry,0.0017359937752289658
sxdg,0.0016949458455474391
sx,0.001646263655900408
rxx,0.0016011014980078103
cu1,0.0013254506986595837
p,0.0013081709862935082
crx,0.0012385415969511284
y,0.0012224185400279285
rz,0.001111936676864523
cy,0.0010948224667844543
sdg,0.0010717829969180376
cu3,0.0010152924458805563
tdg,0.000989664367349011
t,0.0008697010621096716
cswap,0.0008692939261235429
s,0.000861458568454445
